holidays,2022年1月1日
holidays,2022年1月2日
holidays,2022年1月3日
holidays,2022年1月31日
holidays,2022年2月1日
holidays,2022年2月2日
holidays,2022年2月3日
holidays,2022年2月4日
holidays,2022年2月5日
holidays,2022年2月6日
holidays,2022年4月3日
holidays,2022年4月4日
holidays,2022年4月5日
holidays,2022年4月30日
holidays,2022年5月1日
holidays,2022年5月2日
holidays,2022年5月3日
holidays,2022年5月4日
holidays,2022年6月3日
holidays,2022年6月4日
holidays,2022年6月5日
holidays,2022年9月10日
holidays,2022年9月11日
holidays,2022年9月12日
holidays,2022年10月1日
holidays,2022年10月2日
holidays,2022年10月3日
holidays,2022年10月4日
holidays,2022年10月5日
holidays,2022年10月6日
holidays,2022年10月7日
switch.days,2022年1月29日
switch.days,2022年1月30日
switch.days,2022年4月2日
switch.days,2022年4月24日
switch.days,2022年5月7日
switch.days,2022年10月8日
switch.days,2022年10月9日
holidays,2021年1月1日
holidays,2021年1月2日
holidays,2021年1月3日
holidays,2021年2月11日
holidays,2021年2月12日
holidays,2021年2月13日
holidays,2021年2月14日
holidays,2021年2月15日
holidays,2021年2月16日
holidays,2021年2月17日
holidays,2021年4月3日
holidays,2021年4月4日
holidays,2021年4月5日
holidays,2021年5月1日
holidays,2021年5月2日
holidays,2021年5月3日
holidays,2021年5月4日
holidays,2021年5月5日
holidays,2021年6月12日
holidays,2021年6月13日
holidays,2021年6月14日
holidays,2021年9月19日
holidays,2021年9月20日
holidays,2021年9月21日
holidays,2021年10月1日
holidays,2021年10月2日
holidays,2021年10月3日
holidays,2021年10月4日
holidays,2021年10月5日
holidays,2021年10月6日
holidays,2021年10月7日
switch.days,2021年2月7日
switch.days,2021年2月20日
switch.days,2021年4月25日
switch.days,2021年5月8日
switch.days,2021年9月18日
switch.days,2021年9月26日
switch.days,2021年10月9日